-- MySQL dump 10.13  Distrib 8.0.40, for Linux (x86_64)
--
-- Host: localhost    Database: novelweb
-- ------------------------------------------------------
-- Server version	8.0.40-0ubuntu0.24.04.1

/*!40101 SET @OLD_CHARACTER_SET_CLIENT=@@CHARACTER_SET_CLIENT */;
/*!40101 SET @OLD_CHARACTER_SET_RESULTS=@@CHARACTER_SET_RESULTS */;
/*!40101 SET @OLD_COLLATION_CONNECTION=@@COLLATION_CONNECTION */;
/*!50503 SET NAMES utf8mb4 */;
/*!40103 SET @OLD_TIME_ZONE=@@TIME_ZONE */;
/*!40103 SET TIME_ZONE='+00:00' */;
/*!40014 SET @OLD_UNIQUE_CHECKS=@@UNIQUE_CHECKS, UNIQUE_CHECKS=0 */;
/*!40014 SET @OLD_FOREIGN_KEY_CHECKS=@@FOREIGN_KEY_CHECKS, FOREIGN_KEY_CHECKS=0 */;
/*!40101 SET @OLD_SQL_MODE=@@SQL_MODE, SQL_MODE='NO_AUTO_VALUE_ON_ZERO' */;
/*!40111 SET @OLD_SQL_NOTES=@@SQL_NOTES, SQL_NOTES=0 */;

--
-- Table structure for table `chapter`
--

DROP TABLE IF EXISTS `chapter`;
/*!40101 SET @saved_cs_client     = @@character_set_client */;
/*!50503 SET character_set_client = utf8mb4 */;
CREATE TABLE `chapter` (
  `id` bigint NOT NULL,
  `chapter_number` int DEFAULT NULL,
  `content` varchar(4000) DEFAULT NULL,
  `public_id` binary(16) DEFAULT NULL,
  `published_date` date DEFAULT NULL,
  `title` varchar(255) DEFAULT NULL,
  `novel_publicid` binary(16) DEFAULT NULL,
  PRIMARY KEY (`id`),
  UNIQUE KEY `UKd8k0a61t1n98qo4ecqyj2uvgh` (`public_id`)
) ENGINE=InnoDB DEFAULT CHARSET=utf8mb4 COLLATE=utf8mb4_0900_ai_ci;
/*!40101 SET character_set_client = @saved_cs_client */;

--
-- Dumping data for table `chapter`
--

LOCK TABLES `chapter` WRITE;
/*!40000 ALTER TABLE `chapter` DISABLE KEYS */;
INSERT INTO `chapter` VALUES (18,1,'The soft rustle of leaves whispered around him, accompanied by the distant chirping of birds. Caelan Adrien de Forneaux stirred, his body sluggish as though he were surfacing from the depths of a dreamless sleep. The cool scent of earth and flowers filled his nostrils, far removed from the damp, briny air he‚Äôd drawn in his final moments. His eyelids fluttered open.\n\nAbove him stretched an endless canopy of blue sky, framed by the gentle sway of verdant tree branches. For a moment, he lay still, his mind caught in a haze. Memories flashed through him‚Äîchaotic, sharp, and painful. The cold bedchamber in St. Helena. The suffocating weight of mortality. And then... this.\n\nA jolt of panic lanced through him. He sat up abruptly, his breath catching as he took in the sight of his surroundings. He was lying on a lush patch of grass, surrounded by manicured hedges and vibrant flowerbeds. The garden was impossibly beautiful, its design meticulous and purposeful, as if sculpted to rival nature itself.\n\n‚ÄúWhat is this place?‚Äù he murmured. His voice felt foreign to him, younger, smoother. He glanced down at his hands‚Äîcalloused hands, once worn by the toil of war, now unblemished. His fingers trembled slightly as he ran them over his face, feeling skin untouched by age or hardship.\n\nA shout startled him from his reverie. ‚ÄúLord Caelan! My lord!‚Äù\n\nHe turned toward the source of the voice. A young woman, clad in a simple but well-kept maid‚Äôs uniform, was rushing toward him, her expression stricken with worry. Her auburn hair gleamed in the sunlight, and her pale hands clutched the sides of her skirts as she hurried across the garden path.\n\nCaelan froze, his mind racing. She had called him a name he did not recognize, yet she looked at him with familiarity, as though he were someone she had known her entire life.\n\nThe maid dropped to her knees beside him, her hands hovering uncertainly. ‚ÄúYou‚Äôve been lying here for hours, my lord! Are you hurt? Should I fetch the physician?‚Äù\n\nPhysician? Caelan frowned. ‚ÄúI‚Ä¶ No. There‚Äôs no need for that,‚Äù he said, his voice steady despite the tumult of thoughts within him. He glanced at the maid, noting the worry etched in her delicate features. Whoever this \"Caelan\" was, he was clearly someone important. Someone this woman served without question.\n\nHe rose to his feet, brushing the dirt and grass from his finely tailored clothing. His body moved fluidly, almost unnervingly so, as if it remembered motions he had yet to learn. The clothing itself‚Äîa dark, embroidered doublet with gold accents‚Äîwas unfamiliar but rich in quality. He glanced at his reflection in the still waters of a nearby fountain and stopped cold.\n\nStaring back at him was not the gaunt, timeworn face of Napoleon Bonaparte but that of a young man, perhaps no older than twenty. His features were sharp and aristocratic‚Äîhigh cheekbones, a straight nose, and piercing blue eyes. His dark hair fell neatly to his shoulders, framing a face that radiated authority.\n\nThe reflection was that of someone who had never known failure. Someone untouched by the trials that had broken him in his past life.\n\n‚ÄúLord Caelan?‚Äù the maid asked tentatively, rising to her feet and dusting her knees. ‚ÄúYou seem... distant. Is everything all right?‚Äù\n\nCaelan turned to her, forcing a calm expression. ‚ÄúI‚Äôm fine,‚Äù he said, though the words felt hollow. He needed time to think, to understand where‚Äîor who‚Äîhe was.\n\nThe maid gave him a small bow. ‚ÄúIf you‚Äôre certain, my lord. The Duke asked that I inform you to join him in the study as soon as you awoke. He was most insistent.‚Äù\n\nThe Duke. Another unfamiliar name to add to his growing list of questions. ‚ÄúVery well,‚Äù Caelan replied after a pause. ‚ÄúLead the way.‚Äù\n\nThe Forneaux estate was a testament to opulence and tradition. As the maid led him through the sprawling gardens and into the grand halls of the manor, Caelan took in \n',_binary 'R_\0º\Á\›NkõWgé•ªæ','2024-11-29','Hello world',_binary '8	ÜΩ%E‘•(ß\Ó\—.\÷\Î'),(22,2,'Alaric stifled a powerful yawn. He was drop-dead tired. Around him, his army was hard at work constructing the nightly fortified camp. The rhythmic sound of shovels mingled with the steady thuds of axes biting into wood as the forest was being cut back. The sun had already begun to set, working its way toward the horizon, casting long shadows across the budding camp.\n\nHaving traveled through the night to reach the army and then marched the entire following day, they had reached and crossed the border of Kanar and Urburn. Knowing the enemy was active nearby, Alaric was leaving nothing to chance. He could not afford to. Each evening, they would construct a fortified encampment, one with significant defenses designed to discourage a surprise assault, a wall, complete with a barricade and fighting platform, all surrounded by an outer trench filled with sharpened wooden stakes.\n\nAs he gazed around at the rapidly developing camp, his attention was involuntarily pulled toward Duncan, who was engaged in what appeared to be a serious discussion with Jaxen about a hundred yards away. From his position, Alaric could not catch their words, but the distance did little to mask the intensity of the exchange.\n\nAlaric‚Äôs brow furrowed into a scowl as he observed Duncan‚Äôs animated gestures, his hand pointing emphatically toward a group of men nearby and then touching the side of his temple as if to communicate to his son ‚Äúto think.‚Äù\n\nAlaric supposed these were Jaxen‚Äôs troops that Duncan was indicating, digging into the ground, doing their part to help build the camp‚Äôs defensive trench and berm. The soldiers, coated in dust from the road, dirt, and sweat from their toil, were clearly doing their best to ignore the exchange as they worked.\n\nAlaric‚Äôs scowl deepened. It was clear from Jaxen‚Äôs rigid posture and the tight set of his shoulders he was not pleased with whatever Duncan was communicating. The scene hinted at a clash of strategies, a valid critique not well received, or more likely, Alaric thought, a displeased father who had unreasonable expectations of his son. Alaric had personal experience with that.\n\nThe conversation seemed to reach its climax as Jourgan and Keever arrived, joining Duncan and Jaxen. Their arrival did little to defuse the situation. After a brief, intense exchange between father and son, Jaxen responded with a sharp, heated retort and abruptly strode away from the group toward his men and the work they were doing, leaving Duncan shaking his head.\n\nAlaric watched as Jaxen stalked off, his mind racing with the potential implications of the dispute. Was it a simple disagreement? Or was it symptomatic of a deeper issue within the ranks, one he‚Äôd have to get personally involved in? The cohesion of his commanders was crucial to success. He could not allow division.\n\n‚ÄúTea?‚Äù\n\nAlaric turned and found Rikka offering him a steaming mug. With a nod of appreciation, he accepted it. The aroma of the black tea wafted up, and with his first sip, he felt a wave of rejuvenation wash over him. It was not only tasty, but surprisingly refreshing, and especially welcome, as the setting sun brought with it an unseasonal chill that had begun to sweep through the camp, likely bringing in the cooler air from the surrounding forest.\n\n‚ÄúThank you,‚Äù he said, taking another sip and savoring it for a long moment. ‚ÄúYou make some of the best tea I have ever had. I swear, it‚Äôs almost as if you are using your magic.‚Äù\n\n‚ÄúHow do you know I‚Äôm not?‚Äù Rikka smirked at him and returned to the campfire they shared, where a pot hung over the low-burning and dancing flames. Picking up a ladle, she gave the contents a stir. Smoke from the fire curled and swirled up into the evening sky, merging with the twilight. Their tent had been erected just to the side of the fire and it was beckoning powerfully to Alaric, calling to him for some sleep.\n\n',_binary '•ú\”yrKõ°±Iw∑\','2024-11-30','Super power ',_binary '8	ÜΩ%E‘•(ß\Ó\—.\÷\Î');
/*!40000 ALTER TABLE `chapter` ENABLE KEYS */;
UNLOCK TABLES;

--
-- Table structure for table `chapter_generator`
--

DROP TABLE IF EXISTS `chapter_generator`;
/*!40101 SET @saved_cs_client     = @@character_set_client */;
/*!50503 SET character_set_client = utf8mb4 */;
CREATE TABLE `chapter_generator` (
  `next_val` bigint DEFAULT NULL
) ENGINE=InnoDB DEFAULT CHARSET=utf8mb4 COLLATE=utf8mb4_0900_ai_ci;
/*!40101 SET character_set_client = @saved_cs_client */;

--
-- Dumping data for table `chapter_generator`
--

LOCK TABLES `chapter_generator` WRITE;
/*!40000 ALTER TABLE `chapter_generator` DISABLE KEYS */;
INSERT INTO `chapter_generator` VALUES (23);
/*!40000 ALTER TABLE `chapter_generator` ENABLE KEYS */;
UNLOCK TABLES;

--
-- Table structure for table `chat_message`
--

DROP TABLE IF EXISTS `chat_message`;
/*!40101 SET @saved_cs_client     = @@character_set_client */;
/*!50503 SET character_set_client = utf8mb4 */;
CREATE TABLE `chat_message` (
  `id` bigint NOT NULL AUTO_INCREMENT,
  `content` varchar(255) DEFAULT NULL,
  `sender` varchar(255) DEFAULT NULL,
  `timestamp` bigint NOT NULL,
  PRIMARY KEY (`id`)
) ENGINE=InnoDB DEFAULT CHARSET=utf8mb4 COLLATE=utf8mb4_0900_ai_ci;
/*!40101 SET character_set_client = @saved_cs_client */;

--
-- Dumping data for table `chat_message`
--

LOCK TABLES `chat_message` WRITE;
/*!40000 ALTER TABLE `chat_message` DISABLE KEYS */;
/*!40000 ALTER TABLE `chat_message` ENABLE KEYS */;
UNLOCK TABLES;

--
-- Table structure for table `latest_novels`
--

DROP TABLE IF EXISTS `latest_novels`;
/*!40101 SET @saved_cs_client     = @@character_set_client */;
/*!50503 SET character_set_client = utf8mb4 */;
CREATE TABLE `latest_novels` (
  `id` bigint NOT NULL AUTO_INCREMENT,
  `chapter_number` int DEFAULT NULL,
  `cover` varchar(255) DEFAULT NULL,
  `public_id` binary(16) NOT NULL,
  `published_date` date DEFAULT NULL,
  `rating` double DEFAULT NULL,
  `title` varchar(255) NOT NULL,
  `views` int DEFAULT NULL,
  `ranking` int DEFAULT NULL,
  PRIMARY KEY (`id`),
  UNIQUE KEY `UKhmg5owuakaekwat7g0f29u18r` (`title`)
) ENGINE=InnoDB AUTO_INCREMENT=823 DEFAULT CHARSET=utf8mb4 COLLATE=utf8mb4_0900_ai_ci;
/*!40101 SET character_set_client = @saved_cs_client */;

--
-- Dumping data for table `latest_novels`
--

LOCK TABLES `latest_novels` WRITE;
/*!40000 ALTER TABLE `latest_novels` DISABLE KEYS */;
INSERT INTO `latest_novels` VALUES (811,139,'nh√¢n-v·∫≠t-ph·∫£n-di·ªán-mu·ªën-s·ªëng.jpg',_binary '¸\ÓS˙\◊kB•Ø†vêb\„\Â','2024-12-04',4.6,'Nh√¢n v·∫≠t ph·∫£n di·ªán mu·ªën s·ªëng',NULL,12),(812,361,'nh√¢n-v·∫≠t-ph·ª•-c·ªßa-ti·ªÉu-thuy·∫øt.jpg',_binary 'BH\Õ\˜EuG\"àG\‘\Â\–s\‚','2024-12-04',4.7,'Nh√¢n v·∫≠t ph·ª• c·ªßa ti·ªÉu thuy·∫øt',NULL,9),(813,588,'solo-leveling.jpg',_binary '5\˜æ®ÜMÖà(≠A\‡\ıs','2024-12-04',4.7,'Solo leveling',NULL,3),(814,314,'cu·ªôc-ƒë·ªùi-ng∆∞·ªùi-l√≠nh.jpg',_binary '\'f8•û)M\Êì`.\ÎZz','2024-12-04',4.5,'Cu·ªôc ƒë·ªùi ng∆∞·ªùi l√≠nh',NULL,11),(815,489,'qu·ª∑-b√≠-chi-ch·ªß.jpg',_binary 'y\Û§L\Bàà*O,€£Ä','2024-12-04',4.3,'Qu·ª∑ b√≠ chi ch·ªß',NULL,8),(816,377,'ƒë·∫°o-qu·ª∑-d·ªã-ti√™n.jpg',_binary '„πß:o®I£\Ô\Ò\È+\œu\◊','2024-12-04',4.6,'ƒê·∫°o qu·ª∑ d·ªã ti√™n',NULL,10),(817,555,'th·ª£-m√°y-huy·ªÅn-tho·∫°i.jpg',_binary '∂Nô\Ùë@◊®\ÙE÷†Æ\”,','2024-12-02',4.6,'Th·ª£ m√°y huy·ªÅn tho·∫°i',NULL,4),(818,65,'g√≥c-nh√¨n-c·ªßa-ƒë·ªôc-gi·∫£-to√†n-chi.jpg',_binary 'í<ü\‡\Ï M@∫o%\Õp˝','2024-12-01',4.5,'G√≥c nh√¨n c·ªßa ƒë·ªôc gi·∫£ to√†n chi',NULL,5),(819,243,'√°nh-s√°ng-cu·ªëi-con-ƒë∆∞·ªùng.jpg',_binary '∞tëÅe@û\ÁV≠¶xxä','2024-12-01',4.8,'√Ånh s√°ng cu·ªëi con ƒë∆∞·ªùng',NULL,7),(820,377,'pov-c·ªßa-t√°c-gi·∫£.jpg',_binary '÷§R\”:Kz≠ƒ´âÿö','2024-12-01',4.5,'Pov c·ªßa t√°c gi·∫£',NULL,2),(821,593,'c·ªï-ch√¢n-nh√¢n.jpg',_binary '8	ÜΩ%E‘•(ß\Ó\—.\÷\Î','2024-11-28',4.8,'C·ªï ch√¢n nh√¢n',NULL,1),(822,404,'n√¥-l·ªá-b√≥ng-t·ªëi.jpg',_binary '%Öö±∂OÄ8PÜ\Ï|N\˜','2024-11-28',4.7,'N√¥ l·ªá b√≥ng t·ªëi',NULL,6);
/*!40000 ALTER TABLE `latest_novels` ENABLE KEYS */;
UNLOCK TABLES;

--
-- Table structure for table `novel`
--

DROP TABLE IF EXISTS `novel`;
/*!40101 SET @saved_cs_client     = @@character_set_client */;
/*!50503 SET character_set_client = utf8mb4 */;
CREATE TABLE `novel` (
  `id` bigint NOT NULL,
  `auth_name` varchar(255) DEFAULT NULL,
  `description` varchar(5000) DEFAULT NULL,
  `public_id` binary(16) NOT NULL,
  `ranking` int DEFAULT NULL,
  `title` varchar(255) DEFAULT NULL,
  `views` int DEFAULT NULL,
  `chapter_number` int DEFAULT NULL,
  `star` double DEFAULT NULL,
  `subtitle` varchar(255) DEFAULT NULL,
  `published_date` date DEFAULT NULL,
  `cover` varchar(255) DEFAULT NULL,
  `summary` varchar(255) DEFAULT NULL,
  `rating` double DEFAULT NULL,
  `status` varchar(255) DEFAULT NULL,
  PRIMARY KEY (`id`)
) ENGINE=InnoDB DEFAULT CHARSET=utf8mb4 COLLATE=utf8mb4_0900_ai_ci;
/*!40101 SET character_set_client = @saved_cs_client */;

--
-- Dumping data for table `novel`
--

LOCK TABLES `novel` WRITE;
/*!40000 ALTER TABLE `novel` DISABLE KEYS */;
INSERT INTO `novel` VALUES (96,'Gu Zhen Ren','Con ng∆∞·ªùi th√¥ng minh theo h√†ng v·∫°n c√°ch, Gu l√† tinh hoa tinh t√∫y th·ª±c s·ª± c·ªßa Tr·ªùi v√† ƒê·∫•t.\n\nTam ƒêi·ªán l√† b·∫•t ch√≠nh, con qu·ª∑ ƒë∆∞·ª£c t√°i sinh.\n\nNh·ªØng ng√†y x∆∞a ch·ªâ l√† m·ªôt gi·∫•c m∆° c≈©, m·ªôt c√°i t√™n gi·ªëng h·ªát ƒë∆∞·ª£c t·∫°o ra m·ªõi.\n\nM·ªôt c√¢u chuy·ªán v·ªÅ m·ªôt ng∆∞·ªùi du h√†nh th·ªùi gian li√™n t·ª•c ƒë∆∞·ª£c t√°i sinh.\n\nM·ªôt th·∫ø gi·ªõi ƒë·ªôc ƒë√°o ph√°t tri·ªÉn, nu√¥i d∆∞·ª°ng v√† s·ª≠ d·ª•ng Gu.\n\nXu√¢n Thu Ve S·∫ßu, Nguy·ªát Quang ƒê·ªôc Gu, R∆∞·ª£u Tr√πng, Kim Quang Tr√πng To√†n Di·ªán, T√≥c ƒêen Gu, Hy V·ªçng Gu‚Ä¶\n\nV√† m·ªôt con qu·ª∑ vƒ© ƒë·∫°i c·ªßa th·∫ø gi·ªõi l√†m ch√≠nh x√°c theo √Ω mu·ªën c·ªßa tr√°i tim m√¨nh',_binary '8	ÜΩ%E‘•(ß\Ó\—.\÷\Î',1,'C·ªï ch√¢n nh√¢n',14930,586,NULL,NULL,'2024-11-28','c·ªï-ch√¢n-nh√¢n.jpg',NULL,4.8,'ƒêang ti·∫øn h√†nh'),(97,' Guiltythree ','L·ªõn l√™n trong c·∫£nh ngh√®o ƒë√≥i, Sunny ch∆∞a bao gi·ªù mong ƒë·ª£i ƒëi·ªÅu g√¨ t·ªët ƒë·∫πp t·ª´ cu·ªôc s·ªëng. Tuy nhi√™n, ngay c·∫£ anh c≈©ng kh√¥ng ng·ªù m√¨nh ƒë∆∞·ª£c ch·ªçn b·ªüi B√πa ch√∫ √Åc m·ªông v√† tr·ªü th√†nh m·ªôt trong nh·ªØng Ng∆∞·ªùi th·ª©c t·ªânh - m·ªôt nh√≥m ng∆∞·ªùi ∆∞u t√∫ ƒë∆∞·ª£c ban t·∫∑ng s·ª©c m·∫°nh si√™u nhi√™n. B·ªã ƒë∆∞a ƒë·∫øn m·ªôt th·∫ø gi·ªõi ma thu·∫≠t b·ªã h·ªßy ho·∫°i, anh th·∫•y m√¨nh ph·∫£i ƒë·ªëi m·∫∑t v·ªõi nh·ªØng con qu√°i v·∫≠t kh·ªßng khi·∫øp - v√† nh·ªØng Ng∆∞·ªùi th·ª©c t·ªânh kh√°c - trong m·ªôt tr·∫≠n chi·∫øn sinh t·ªìn ch·∫øt ch√≥c.\nT·ªá h∆°n n·ªØa, s·ª©c m·∫°nh th·∫ßn th√°nh m√† anh nh·∫≠n ƒë∆∞·ª£c t√¨nh c·ªù s·ªü h·ªØu m·ªôt t√°c d·ª•ng ph·ª• nh·ªè nh∆∞ng c√≥ kh·∫£ nƒÉng g√¢y t·ª≠ vong...',_binary '%Öö±∂OÄ8PÜ\Ï|N\˜',6,'N√¥ l·ªá b√≥ng t·ªëi',3403,74,NULL,NULL,'2024-11-28','n√¥-l·ªá-b√≥ng-t·ªëi.jpg',NULL,4.7,'ƒêang ti·∫øn h√†nh'),(98,' Sing-Shong','Ch·ªâ c√≥ t√¥i bi·∫øt k·∫øt th√∫c c·ªßa th·∫ø gi·ªõi n√†y.\n\nM·ªôt ng√†y n·ªç, nh√¢n v·∫≠t ch√≠nh c·ªßa ch√∫ng ta th·∫•y m√¨nh b·ªã m·∫Øc k·∫πt trong th·∫ø gi·ªõi ti·ªÉu thuy·∫øt web y√™u th√≠ch c·ªßa m√¨nh. Anh ·∫•y l√†m g√¨ ƒë·ªÉ s·ªëng s√≥t? ƒê√≥ l√† m·ªôt th·∫ø gi·ªõi b·ªã t·∫•n c√¥ng b·ªüi th·∫£m h·ªça v√† nguy hi·ªÉm kh·∫Øp n∆°i.\n\nGi·ªõi h·∫°n c·ªßa anh ·∫•y? Anh ·∫•y bi·∫øt c·ªët truy·ªán c·ªßa c√¢u chuy·ªán s·∫Ω k·∫øt th√∫c nh∆∞ th·∫ø n√†o. B·ªüi v√¨ anh ·∫•y l√† ƒë·ªôc gi·∫£ duy nh·∫•t g·∫Øn b√≥ v·ªõi n√≥. H√£y ƒë·ªçc c√¢u chuy·ªán c·ªßa anh ·∫•y ƒë·ªÉ xem anh ·∫•y s·ªëng s√≥t nh∆∞ th·∫ø n√†o!',_binary 'í<ü\‡\Ï M@∫o%\Õp˝',5,'G√≥c nh√¨n c·ªßa ƒë·ªôc gi·∫£ to√†n chi',4233,338,NULL,NULL,'2024-12-01','g√≥c-nh√¨n-c·ªßa-ƒë·ªôc-gi·∫£-to√†n-chi.jpg',NULL,4.5,'ƒêang ti·∫øn h√†nh'),(99,' TurtleMe ','Vua Grey c√≥ s·ª©c m·∫°nh, s·ª± gi√†u c√≥ v√† uy t√≠n v√¥ song trong m·ªôt th·∫ø gi·ªõi ƒë∆∞·ª£c cai tr·ªã b·ªüi kh·∫£ nƒÉng v√µ thu·∫≠t. Tuy nhi√™n, s·ª± c√¥ ƒë∆°n lu√¥n r√¨nh r·∫≠p nh·ªØng ng∆∞·ªùi c√≥ s·ª©c m·∫°nh to l·ªõn. B√™n d∆∞·ªõi v·∫ª ngo√†i quy·∫øn r≈© c·ªßa m·ªôt v·ªã vua quy·ªÅn l·ª±c ·∫©n ch·ª©a l·ªõp v·ªè c·ªßa con ng∆∞·ªùi, kh√¥ng c√≥ m·ª•c ƒë√≠ch v√† √Ω ch√≠.\n\nƒê∆∞·ª£c t√°i sinh v√†o m·ªôt th·∫ø gi·ªõi m·ªõi ƒë·∫ßy ph√©p thu·∫≠t v√† qu√°i v·∫≠t, v·ªã vua c√≥ c∆° h·ªôi th·ª© hai ƒë·ªÉ s·ªëng l·∫°i cu·ªôc ƒë·ªùi m√¨nh. Tuy nhi√™n, s·ª≠a ch·ªØa nh·ªØng sai l·∫ßm trong qu√° kh·ª© s·∫Ω kh√¥ng ph·∫£i l√† th√°ch th·ª©c duy nh·∫•t c·ªßa √¥ng. B√™n d∆∞·ªõi s·ª± b√¨nh y√™n v√† th·ªãnh v∆∞·ª£ng c·ªßa th·∫ø gi·ªõi m·ªõi l√† m·ªôt d√≤ng ch·∫£y ng·∫ßm ƒëe d·ªça ph√° h·ªßy m·ªçi th·ª© m√† √¥ng ƒë√£ n·ªó l·ª±c, ƒë·∫∑t c√¢u h·ªèi v·ªÅ vai tr√≤ v√† l√Ω do √¥ng ƒë∆∞·ª£c t√°i sinh.',_binary '∞tëÅe@û\ÁV≠¶xxä',7,'√Ånh s√°ng cu·ªëi con ƒë∆∞·ªùng',1769,260,NULL,NULL,'2024-12-01','√°nh-s√°ng-cu·ªëi-con-ƒë∆∞·ªùng.jpg',NULL,4.8,'ƒêang ti·∫øn h√†nh'),(100,' Entrail_JI ','Ng∆∞·ªùi m√† th·∫ø gi·ªõi xoay quanh.\n\nNg∆∞·ªùi ƒë√°nh b·∫°i t·∫•t c·∫£ ƒë·ªëi th·ªß c·ªßa m√¨nh v√† cu·ªëi c√πng c√≥ ƒë∆∞·ª£c c√¥ g√°i xinh ƒë·∫πp.\n\nS·ª± t·ªìn t·∫°i duy nh·∫•t m√† t·∫•t c·∫£ nh·ªØng k·∫ª ph·∫£n di·ªán ƒë·ªÅu s·ª£.\n\nƒê√≥ l√† nh√¢n v·∫≠t ch√≠nh.\n\nC√≤n t√¥i th√¨ sao?',_binary '÷§R\”:Kz≠ƒ´âÿö',2,'Pov c·ªßa t√°c gi·∫£',6182,586,NULL,NULL,'2024-12-01','pov-c·ªßa-t√°c-gi·∫£.jpg',NULL,4.5,'ƒêang ti·∫øn h√†nh'),(101,' Chocolion ','B·∫°n l√†m g√¨ khi th·ª©c d·∫≠y v√† th·∫•y m√¨nh ƒëang ·ªü trong ch√≠nh tr√≤ ch∆°i m√† b·∫°n y√™u th√≠ch?\n\nB·∫°n s·∫Ω l√†m g√¨ khi nh·∫≠n ra r·∫±ng m√¨nh kh√¥ng ch·ªâ tr·ªü th√†nh NPC - b·∫°n th·∫≠m ch√≠ c√≤n b·ªã quay ng∆∞·ª£c th·ªùi gian v·ªÅ tr∆∞·ªõc khi tr√≤ ch∆°i ra m·∫Øt!\n\nƒêi·ªÅu g√¨ s·∫Ω x·∫£y ra khi hai th·ª±c t·∫°i c·ªßa nh√¢n v·∫≠t ch√≠nh c·ªßa ch√∫ng ta tr√πng kh·ªõp nhau?\n\nHan Xiao l√† m·ªôt ng∆∞·ªùi thƒÉng c·∫•p s·ª©c m·∫°nh chuy√™n nghi·ªáp tr∆∞·ªõc khi xuy√™n qua. S·ª≠ d·ª•ng ki·∫øn ‚Äã‚Äãth·ª©c t·ª´ ki·∫øp tr∆∞·ªõc, Han Xiao qu√©t kh·∫Øp v≈© tr·ª• ƒë·ªÉ chu·∫©n b·ªã cho s·ª± xu·∫•t hi·ªán c·ªßa nh·ªØng ng∆∞·ªùi ch∆°i. ƒê√¢y ch·∫Øc ch·∫Øn kh√¥ng ph·∫£i l√† cu·ªën ti·ªÉu thuy·∫øt chuy·ªÉn sinh ƒëi·ªÉn h√¨nh c·ªßa b·∫°n.',_binary '∂Nô\Ùë@◊®\ÙE÷†Æ\”,',4,'Th·ª£ m√°y huy·ªÅn tho·∫°i',5159,130,NULL,NULL,'2024-12-02','th·ª£-m√°y-huy·ªÅn-tho·∫°i.jpg',NULL,4.6,'ƒêang ti·∫øn h√†nh'),(103,' Jee Gab Song ','√îng ch·ªß c·∫•p trung trong tr√≤ ch∆°i AAA c·ªßa c√¥ng ty t√¥i.\n\nDeculein, m·ªôt nh√¢n v·∫≠t ph·∫£n di·ªán ch·∫øt ·ªü 999 tr√™n 1000 l∆∞·ª£t ch∆°i.\n\nB√¢y gi·ªù t√¥i ƒë√£ chuy·ªÉn sinh trong c∆° th·ªÉ anh ·∫•y.',_binary '¸\ÓS˙\◊kB•Ø†vêb\„\Â',12,'Nh√¢n v·∫≠t ph·∫£n di·ªán mu·ªën s·ªëng',522,209,NULL,NULL,'2024-12-04','nh√¢n-v·∫≠t-ph·∫£n-di·ªán-mu·ªën-s·ªëng.jpg',NULL,4.6,'ƒêang ti·∫øn h√†nh'),(104,' Jee Gab Song ','T·ªânh d·∫≠y, Kim Hajin th·∫•y m√¨nh ƒëang ·ªü m·ªôt th·∫ø gi·ªõi quen thu·ªôc nh∆∞ng l·∫°i l√† m·ªôt c∆° th·ªÉ xa l·∫°.\n\nM·ªôt th·∫ø gi·ªõi do ch√≠nh anh t·∫°o ra v√† m·ªôt c√¢u chuy·ªán do anh vi·∫øt nh∆∞ng ch∆∞a bao gi·ªù k·∫øt th√∫c.\n\nAnh ta ƒë√£ tr·ªü th√†nh nh√¢n v·∫≠t ph·ª• trong cu·ªën ti·ªÉu thuy·∫øt c·ªßa m√¨nh, m·ªôt nh√¢n v·∫≠t ph·ª• kh√¥ng c√≥ t·∫ßm quan tr·ªçng g√¨ ƒë·ªëi v·ªõi c√¢u chuy·ªán.\n\nManh m·ªëi duy nh·∫•t ƒë·ªÉ tr·ªën tho√°t l√† b√°m s√°t c·ªët truy·ªán ch√≠nh.\n\nTuy nhi√™n, anh s·ªõm ph√°t hi·ªán ra th·∫ø gi·ªõi kh√¥ng ho√†n to√†n gi·ªëng v·ªõi s·ª± s√°ng t·∫°o c·ªßa anh.\nHi·ªÉn th·ªã th√™m.',_binary 'BH\Õ\˜EuG\"àG\‘\Â\–s\‚',9,'Nh√¢n v·∫≠t ph·ª• c·ªßa ti·ªÉu thuy·∫øt',931,86,NULL,NULL,'2024-12-04','nh√¢n-v·∫≠t-ph·ª•-c·ªßa-ti·ªÉu-thuy·∫øt.jpg',NULL,4.7,'ƒêang ti·∫øn h√†nh'),(105,'Chugong','10 nƒÉm tr∆∞·ªõc, sau khi ‚ÄúC√°nh c·ªïng‚Äù k·∫øt n·ªëi th·∫ø gi·ªõi th·ª±c v·ªõi th·∫ø gi·ªõi qu√°i v·∫≠t ƒë∆∞·ª£c m·ªü ra, m·ªôt s·ªë ng∆∞·ªùi b√¨nh th∆∞·ªùng h√†ng ng√†y ƒë√£ nh·∫≠n ƒë∆∞·ª£c s·ª©c m·∫°nh ƒë·ªÉ sƒÉn qu√°i v·∫≠t trong C√°nh c·ªïng. H·ªç ƒë∆∞·ª£c m·ªánh danh l√† ‚ÄúTh·ª£ sƒÉn‚Äù. Tuy nhi√™n, kh√¥ng ph·∫£i Th·ª£ sƒÉn n√†o c≈©ng m·∫°nh m·∫Ω. T√™n t√¥i l√† Sung Jin-Woo, m·ªôt Th·ª£ sƒÉn h·∫°ng E. T√¥i l√† ng∆∞·ªùi ph·∫£i m·∫°o hi·ªÉm m·∫°ng s·ªëng c·ªßa m√¨nh trong ng·ª•c t·ªëi th·∫•p nh·∫•t, ‚ÄúY·∫øu nh·∫•t th·∫ø gi·ªõi‚Äù. Kh√¥ng c√≥ b·∫•t k·ª≥ k·ªπ nƒÉng n√†o ƒë·ªÉ th·ªÉ hi·ªán, t√¥i h·∫ßu nh∆∞ kh√¥ng ki·∫øm ƒë∆∞·ª£c s·ªë ti·ªÅn c·∫ßn thi·∫øt b·∫±ng c√°ch chi·∫øn ƒë·∫•u trong c√°c ng·ª•c t·ªëi c·∫•p th·∫•p‚Ä¶ √≠t nh·∫•t l√† cho ƒë·∫øn khi t√¥i t√¨m th·∫•y m·ªôt ng·ª•c t·ªëi ·∫©n c√≥ ƒë·ªô kh√≥ cao nh·∫•t trong c√°c ng·ª•c t·ªëi h·∫°ng D! Cu·ªëi c√πng, khi t√¥i ƒëang ch·∫•p nh·∫≠n c√°i ch·∫øt, t√¥i ƒë·ªôt nhi√™n nh·∫≠n ƒë∆∞·ª£c m·ªôt s·ª©c m·∫°nh k·ª≥ l·∫°, m·ªôt nh·∫≠t k√Ω nhi·ªám v·ª• m√† ch·ªâ t√¥i m·ªõi c√≥ th·ªÉ nh√¨n th·∫•y, m·ªôt b√≠ m·∫≠t ƒë·ªÉ tƒÉng c·∫•p m√† ch·ªâ t√¥i m·ªõi bi·∫øt! N·∫øu t√¥i luy·ªán t·∫≠p theo nhi·ªám v·ª• v√† sƒÉn qu√°i v·∫≠t, c·∫•p ƒë·ªô c·ªßa t√¥i s·∫Ω tƒÉng l√™n. Thay ƒë·ªïi t·ª´ Th·ª£ sƒÉn y·∫øu nh·∫•t th√†nh Th·ª£ sƒÉn h·∫°ng S m·∫°nh nh·∫•t!',_binary '5\˜æ®ÜMÖà(≠A\‡\ıs',3,'Solo leveling',5982,463,NULL,NULL,'2024-12-04','solo-leveling.jpg',NULL,4.7,'ƒêang ti·∫øn h√†nh'),(106,' Alwaysrollsaone ','C√¢u chuy·ªán chung v·ªÅ vi·ªác ƒë∆∞·ª£c chuy·ªÉn ƒë·∫øn m·ªôt th·∫ø gi·ªõi kh√°c.\n\nMC b·ªã bu·ªôc ph·∫£i nh·∫≠p ng≈© trong b·ªëi c·∫£nh gi·∫£ t∆∞·ªüng v√† thƒÉng c·∫•p trong khi v·∫´n gi·ªØ b√≠ m·∫≠t v·ªÅ kh·∫£ nƒÉng th·ª±c s·ª± c·ªßa m√¨nh.\n\nƒê√¢y l√† n·ªó l·ª±c c·ªßa t√¥i ƒë·ªÉ th√™m ch√∫t h√†i h∆∞·ªõc v√†o b√†i vi·∫øt c·ªßa m√¨nh. Hy v·ªçng b·∫°n th√≠ch n√≥.',_binary '\'f8•û)M\Êì`.\ÎZz',11,'Cu·ªôc ƒë·ªùi ng∆∞·ªùi l√≠nh',749,641,NULL,NULL,'2024-12-04','cu·ªôc-ƒë·ªùi-ng∆∞·ªùi-l√≠nh.jpg',NULL,4.5,'ƒêang ti·∫øn h√†nh'),(107,'C√° kho d∆∞a','Trong l√†n s√≥ng h∆°i n∆∞·ªõc v√† m√°y m√≥c, ai c√≥ th·ªÉ ƒë·∫°t ƒë∆∞·ª£c th√†nh t·ª±u phi th∆∞·ªùng? Trong s∆∞∆°ng m√π c·ªßa l·ªãch s·ª≠ v√† b√≥ng t·ªëi, ai ƒëang th√¨ th·∫ßm? T√¥i th·ª©c d·∫≠y t·ª´ c√µi b√≠ ·∫©n v√† m·ªü r·ªông t·∫ßm m·∫Øt nh√¨n ra th·∫ø gi·ªõi.\n\nS√∫ng, ƒë·∫°i b√°c, t√†u chi·∫øn, kh√≠ c·∫ßu v√† c√°c lo·∫°i m√°y kh√°c nhau. ƒê·ªôc d∆∞·ª£c, b√≥i to√°n, l·ªùi nguy·ªÅn, ng∆∞·ªùi treo c·ªï v√† c√°c hi·ªán v·∫≠t b·ªã phong ·∫•n‚Ä¶ √Ånh s√°ng t·ªèa s√°ng r·ª±c r·ª°, nh∆∞ng nh·ªØng b√≠ m·∫≠t c·ªßa th·∫ø gi·ªõi v·∫´n ch∆∞a bao gi·ªù xa v·ªùi. ƒê√¢y l√† truy·ªÅn thuy·∫øt v·ªÅ ‚ÄúK·∫ª ng·ªëc‚Äù',_binary 'y\Û§L\Bàà*O,€£Ä',8,'Qu·ª∑ b√≠ chi ch·ªß',1426,505,NULL,NULL,'2024-12-04','qu·ª∑-b√≠-chi-ch·ªß.jpg',NULL,4.3,'ƒêang ti·∫øn h√†nh'),(108,'Ba ch·ªâ ch√°y c·∫°nh','Qu·ª∑ d·ªã thi√™n ƒë·∫°o, d·ªã th∆∞·ªùng Ti√™n Ph·∫≠t, l√† th·ª±c? L√† gi·∫£? Sa v√†o m√™ v√µng L√Ω H·ªèa V∆∞·ª£ng kh√¥ng c√°ch n√†o ph√¢n bi·ªát. C√≥ th·ªÉ ƒë·ªÉ h·∫Øn kh√¥ng c√°ch n√†o ph√¢n bi·ªát kh√¥ng ch·ªâ ch·ªâ l√† nh·ªØng th·ª© n√†y. C√≤n c√≥ ch√≠nh h·∫Øn, h·∫Øn b·ªánh, b·ªánh r·∫•t n·∫∑ng. ',_binary '„πß:o®I£\Ô\Ò\È+\œu\◊',10,'ƒê·∫°o qu·ª∑ d·ªã ti√™n',865,442,NULL,NULL,'2024-12-04','ƒë·∫°o-qu·ª∑-d·ªã-ti√™n.jpg',NULL,4.6,'ƒêang ti·∫øn h√†nh');
/*!40000 ALTER TABLE `novel` ENABLE KEYS */;
UNLOCK TABLES;

--
-- Table structure for table `novel_chapters`
--

DROP TABLE IF EXISTS `novel_chapters`;
/*!40101 SET @saved_cs_client     = @@character_set_client */;
/*!50503 SET character_set_client = utf8mb4 */;
CREATE TABLE `novel_chapters` (
  `novel_id` bigint NOT NULL,
  `chapters_id` bigint NOT NULL,
  PRIMARY KEY (`novel_id`,`chapters_id`),
  UNIQUE KEY `UKqti1bp8pii9cqbo8ewfkdsd78` (`chapters_id`),
  CONSTRAINT `FKbnyngmvf2yk44f9n8v496rkoo` FOREIGN KEY (`novel_id`) REFERENCES `novel` (`id`),
  CONSTRAINT `FKtavr1ewchgq3te34r8det2ihx` FOREIGN KEY (`chapters_id`) REFERENCES `chapter` (`id`)
) ENGINE=InnoDB DEFAULT CHARSET=utf8mb4 COLLATE=utf8mb4_0900_ai_ci;
/*!40101 SET character_set_client = @saved_cs_client */;

--
-- Dumping data for table `novel_chapters`
--

LOCK TABLES `novel_chapters` WRITE;
/*!40000 ALTER TABLE `novel_chapters` DISABLE KEYS */;
/*!40000 ALTER TABLE `novel_chapters` ENABLE KEYS */;
UNLOCK TABLES;

--
-- Table structure for table `novel_generator`
--

DROP TABLE IF EXISTS `novel_generator`;
/*!40101 SET @saved_cs_client     = @@character_set_client */;
/*!50503 SET character_set_client = utf8mb4 */;
CREATE TABLE `novel_generator` (
  `next_val` bigint DEFAULT NULL
) ENGINE=InnoDB DEFAULT CHARSET=utf8mb4 COLLATE=utf8mb4_0900_ai_ci;
/*!40101 SET character_set_client = @saved_cs_client */;

--
-- Dumping data for table `novel_generator`
--

LOCK TABLES `novel_generator` WRITE;
/*!40000 ALTER TABLE `novel_generator` DISABLE KEYS */;
INSERT INTO `novel_generator` VALUES (109);
/*!40000 ALTER TABLE `novel_generator` ENABLE KEYS */;
UNLOCK TABLES;

--
-- Table structure for table `novel_genre`
--

DROP TABLE IF EXISTS `novel_genre`;
/*!40101 SET @saved_cs_client     = @@character_set_client */;
/*!50503 SET character_set_client = utf8mb4 */;
CREATE TABLE `novel_genre` (
  `id` bigint NOT NULL,
  `name` varchar(255) NOT NULL,
  `public_id` binary(16) NOT NULL,
  PRIMARY KEY (`id`),
  UNIQUE KEY `UK31jjx405scu2skim369p5vc9i` (`public_id`)
) ENGINE=InnoDB DEFAULT CHARSET=utf8mb4 COLLATE=utf8mb4_0900_ai_ci;
/*!40101 SET character_set_client = @saved_cs_client */;

--
-- Dumping data for table `novel_genre`
--

LOCK TABLES `novel_genre` WRITE;
/*!40000 ALTER TABLE `novel_genre` DISABLE KEYS */;
INSERT INTO `novel_genre` VALUES (44,'Action',_binary '\‡º+\«\ƒEpÖßãO2Y3'),(45,'Drama',_binary '#\ÎŸΩ%\ÛCà∑\ƒjUD\0\…'),(62,'Comedy',_binary 'n~@v\Â(Az∞\œ\ˆ:ö™\Á'),(65,'Fantasy',_binary '\Ù\∆OÉDkH≥ª%z;…∑ù'),(67,'Romance',_binary '\“Æ\‰¿âN’®˛ ó†Ä}è'),(81,'Tu luy·ªán',_binary 'úD≥ÜkL\Áµ}ZB¸H/s'),(82,'Chuy·ªÉn sinh',_binary 'ÑËÅ¨IÌääa9\’°å'),(83,'test',_binary 'í\„3/\ÎN°¥\Û˝7e'),(84,'Horror',_binary '¢\ÍY2\ÏBÀ≥;[∑Q¥Ié');
/*!40000 ALTER TABLE `novel_genre` ENABLE KEYS */;
UNLOCK TABLES;

--
-- Table structure for table `novel_genre_mapping`
--

DROP TABLE IF EXISTS `novel_genre_mapping`;
/*!40101 SET @saved_cs_client     = @@character_set_client */;
/*!50503 SET character_set_client = utf8mb4 */;
CREATE TABLE `novel_genre_mapping` (
  `novel_id` bigint NOT NULL,
  `genre_id` bigint NOT NULL,
  PRIMARY KEY (`novel_id`,`genre_id`),
  KEY `FK63fofq9ff1x3i5a20sxvj1eq5` (`genre_id`),
  CONSTRAINT `FK63fofq9ff1x3i5a20sxvj1eq5` FOREIGN KEY (`genre_id`) REFERENCES `novel_genre` (`id`),
  CONSTRAINT `FK_novel_genre` FOREIGN KEY (`novel_id`) REFERENCES `novel` (`id`) ON DELETE CASCADE,
  CONSTRAINT `FKi0hu3hjh0llbj7yr6yrylbcd4` FOREIGN KEY (`novel_id`) REFERENCES `novel` (`id`)
) ENGINE=InnoDB DEFAULT CHARSET=utf8mb4 COLLATE=utf8mb4_0900_ai_ci;
/*!40101 SET character_set_client = @saved_cs_client */;

--
-- Dumping data for table `novel_genre_mapping`
--

LOCK TABLES `novel_genre_mapping` WRITE;
/*!40000 ALTER TABLE `novel_genre_mapping` DISABLE KEYS */;
INSERT INTO `novel_genre_mapping` VALUES (96,44),(97,44),(98,44),(99,44),(100,44),(101,44),(103,44),(104,44),(105,44),(106,44),(107,44),(108,44),(96,45),(99,45),(103,45),(104,45),(97,62),(98,62),(99,62),(104,62),(96,65),(97,65),(98,65),(99,65),(100,65),(101,65),(103,65),(105,65),(106,65),(107,65),(108,65),(97,67),(98,67),(99,67),(101,67),(103,67),(104,67),(105,67),(99,81),(107,81),(108,81),(99,82),(100,82),(103,82),(104,82),(107,82),(108,82),(107,84),(108,84);
/*!40000 ALTER TABLE `novel_genre_mapping` ENABLE KEYS */;
UNLOCK TABLES;

--
-- Table structure for table `novel_genre_sequence`
--

DROP TABLE IF EXISTS `novel_genre_sequence`;
/*!40101 SET @saved_cs_client     = @@character_set_client */;
/*!50503 SET character_set_client = utf8mb4 */;
CREATE TABLE `novel_genre_sequence` (
  `next_val` bigint DEFAULT NULL
) ENGINE=InnoDB DEFAULT CHARSET=utf8mb4 COLLATE=utf8mb4_0900_ai_ci;
/*!40101 SET character_set_client = @saved_cs_client */;

--
-- Dumping data for table `novel_genre_sequence`
--

LOCK TABLES `novel_genre_sequence` WRITE;
/*!40000 ALTER TABLE `novel_genre_sequence` DISABLE KEYS */;
INSERT INTO `novel_genre_sequence` VALUES (85);
/*!40000 ALTER TABLE `novel_genre_sequence` ENABLE KEYS */;
UNLOCK TABLES;

--
-- Table structure for table `novel_picture`
--

DROP TABLE IF EXISTS `novel_picture`;
/*!40101 SET @saved_cs_client     = @@character_set_client */;
/*!50503 SET character_set_client = utf8mb4 */;
CREATE TABLE `novel_picture` (
  `id` bigint NOT NULL,
  `file` tinyblob NOT NULL,
  `file_content_type` varchar(255) DEFAULT NULL,
  `novel_fk` bigint DEFAULT NULL,
  `type_of_file` tinytext NOT NULL,
  `name` varchar(255) NOT NULL,
  PRIMARY KEY (`id`),
  KEY `FKja1vnx4f5edsf611ne2p4dfnf` (`novel_fk`),
  CONSTRAINT `FKja1vnx4f5edsf611ne2p4dfnf` FOREIGN KEY (`novel_fk`) REFERENCES `novel` (`id`)
) ENGINE=InnoDB DEFAULT CHARSET=utf8mb4 COLLATE=utf8mb4_0900_ai_ci;
/*!40101 SET character_set_client = @saved_cs_client */;

--
-- Dumping data for table `novel_picture`
--

LOCK TABLES `novel_picture` WRITE;
/*!40000 ALTER TABLE `novel_picture` DISABLE KEYS */;
/*!40000 ALTER TABLE `novel_picture` ENABLE KEYS */;
UNLOCK TABLES;

--
-- Table structure for table `novel_picture_generator`
--

DROP TABLE IF EXISTS `novel_picture_generator`;
/*!40101 SET @saved_cs_client     = @@character_set_client */;
/*!50503 SET character_set_client = utf8mb4 */;
CREATE TABLE `novel_picture_generator` (
  `next_val` bigint DEFAULT NULL
) ENGINE=InnoDB DEFAULT CHARSET=utf8mb4 COLLATE=utf8mb4_0900_ai_ci;
/*!40101 SET character_set_client = @saved_cs_client */;

--
-- Dumping data for table `novel_picture_generator`
--

LOCK TABLES `novel_picture_generator` WRITE;
/*!40000 ALTER TABLE `novel_picture_generator` DISABLE KEYS */;
INSERT INTO `novel_picture_generator` VALUES (1);
/*!40000 ALTER TABLE `novel_picture_generator` ENABLE KEYS */;
UNLOCK TABLES;

--
-- Table structure for table `user`
--

DROP TABLE IF EXISTS `user`;
/*!40101 SET @saved_cs_client     = @@character_set_client */;
/*!50503 SET character_set_client = utf8mb4 */;
CREATE TABLE `user` (
  `id` varchar(255) NOT NULL,
  `created_date` datetime(6) DEFAULT NULL,
  `dob` date DEFAULT NULL,
  `email` varchar(255) DEFAULT NULL,
  `image_url` varchar(255) DEFAULT NULL,
  `last_modified_date` datetime(6) DEFAULT NULL,
  `password` varchar(255) DEFAULT NULL,
  `phone_number` varchar(255) DEFAULT NULL,
  `username` varchar(255) DEFAULT NULL,
  PRIMARY KEY (`id`)
) ENGINE=InnoDB DEFAULT CHARSET=utf8mb4 COLLATE=utf8mb4_0900_ai_ci;
/*!40101 SET character_set_client = @saved_cs_client */;

--
-- Dumping data for table `user`
--

LOCK TABLES `user` WRITE;
/*!40000 ALTER TABLE `user` DISABLE KEYS */;
INSERT INTO `user` VALUES ('07677b8a-e5e0-41dd-a897-77b22c56ce86','2024-11-11 05:59:19.218306',NULL,'admin@gmail.com',NULL,NULL,'$2a$07$JQkBBHu.ORBWKeQyqTDLiulRarovh0MclstMjtJrgiTCN8Glot2nW',NULL,'user#'),('248a6c21-3e2d-4e52-acd1-1b2ef27572ee',NULL,NULL,'adminw@gmail.com',NULL,NULL,'$2a$07$Pho25h3zwc5.q2WqLr27reexosajIQLL/9rKxrQ772IcxgAQIxHZW',NULL,'ADMIN'),('4f37156d-773d-4ba7-a8cd-f669164cf308','2024-11-15 13:24:59.968775',NULL,'nguyenhatuanthanh1901@gmail.com',NULL,NULL,'$2a$07$xPJKKdTaMY2qtbHDip8AG.hfGlYAB9w5ZN9xND4YVQYbXDB0VUPba',NULL,NULL),('7cd61753-9ee8-46de-aeaa-945f6609ec27','2024-11-15 13:27:03.365688',NULL,'1111@gmail.com',NULL,NULL,'$2a$07$RRgJDLji5/C6lnCYoqPHJOcuL40bU0VBBib3UqG7kGg04I08apZM6',NULL,'user#2aa8366f-a448-4162-af3e-31c4adf40878');
/*!40000 ALTER TABLE `user` ENABLE KEYS */;
UNLOCK TABLES;

--
-- Table structure for table `user_roles`
--

DROP TABLE IF EXISTS `user_roles`;
/*!40101 SET @saved_cs_client     = @@character_set_client */;
/*!50503 SET character_set_client = utf8mb4 */;
CREATE TABLE `user_roles` (
  `user_id` varchar(255) NOT NULL,
  `role` varchar(255) DEFAULT NULL,
  KEY `FK55itppkw3i07do3h7qoclqd4k` (`user_id`),
  CONSTRAINT `FK55itppkw3i07do3h7qoclqd4k` FOREIGN KEY (`user_id`) REFERENCES `user` (`id`)
) ENGINE=InnoDB DEFAULT CHARSET=utf8mb4 COLLATE=utf8mb4_0900_ai_ci;
/*!40101 SET character_set_client = @saved_cs_client */;

--
-- Dumping data for table `user_roles`
--

LOCK TABLES `user_roles` WRITE;
/*!40000 ALTER TABLE `user_roles` DISABLE KEYS */;
INSERT INTO `user_roles` VALUES ('07677b8a-e5e0-41dd-a897-77b22c56ce86','USER'),('4f37156d-773d-4ba7-a8cd-f669164cf308','USER'),('7cd61753-9ee8-46de-aeaa-945f6609ec27','USER'),('248a6c21-3e2d-4e52-acd1-1b2ef27572ee','ADMIN');
/*!40000 ALTER TABLE `user_roles` ENABLE KEYS */;
UNLOCK TABLES;
/*!40103 SET TIME_ZONE=@OLD_TIME_ZONE */;

/*!40101 SET SQL_MODE=@OLD_SQL_MODE */;
/*!40014 SET FOREIGN_KEY_CHECKS=@OLD_FOREIGN_KEY_CHECKS */;
/*!40014 SET UNIQUE_CHECKS=@OLD_UNIQUE_CHECKS */;
/*!40101 SET CHARACTER_SET_CLIENT=@OLD_CHARACTER_SET_CLIENT */;
/*!40101 SET CHARACTER_SET_RESULTS=@OLD_CHARACTER_SET_RESULTS */;
/*!40101 SET COLLATION_CONNECTION=@OLD_COLLATION_CONNECTION */;
/*!40111 SET SQL_NOTES=@OLD_SQL_NOTES */;

-- Dump completed on 2024-12-15 17:47:39
